<?xml version="1.0" encoding="utf-8"?>
<?xml-stylesheet type='text/xsl' href='ConversionLogFile.xsl'?>
<LogFile projectName="modbus_lib_3.4.0_V16" typeText="Type" messageText="Message" timeText="Temps">
  <MessageCell ServiceId="80" MessageId="30" MessageClass="Information" Timestamp="19/01/2021 10:28:56">
    <Number ServiceNumber="80" MessageNumber="30" />
    <Text FeedbackText="Mise à niveau démarrée" />
    <Help HelpId="-1" />
  </MessageCell>
  <Details ServiceId="80" MessageId="30" Timestamp="19/01/2021 10:28:59" Debug="false">
    <Text>Reorganization succeed!</Text>
  </Details>
  <MessageCell ServiceId="80" MessageId="30" MessageClass="Information" Timestamp="19/01/2021 10:29:00">
    <Number ServiceNumber="80" MessageNumber="30" />
    <Text FeedbackText="CheckRepair lost+found objects" />
    <Help HelpId="-1" />
  </MessageCell>
  <Details ServiceId="80" MessageId="30" Timestamp="19/01/2021 10:29:01" Debug="false">
    <Text>No error is detected.</Text>
  </Details>
  <MessageCell ServiceId="80" MessageId="30" MessageClass="Information" Timestamp="19/01/2021 10:29:02">
    <Number ServiceNumber="80" MessageNumber="30" />
    <Text FeedbackText="CheckRepair missing bidirectional links" />
    <Help HelpId="-1" />
  </MessageCell>
  <Details ServiceId="80" MessageId="30" Timestamp="19/01/2021 10:29:03" Debug="false">
    <Text>No error is detected.</Text>
  </Details>
  <MessageCell ServiceId="80" MessageId="30" MessageClass="Information" Timestamp="19/01/2021 10:29:04">
    <Number ServiceNumber="80" MessageNumber="30" />
    <Text FeedbackText="CheckRepair clear segment flags" />
    <Help HelpId="-1" />
  </MessageCell>
  <Details ServiceId="80" MessageId="30" Timestamp="19/01/2021 10:29:04" Debug="false">
    <Text>No error is detected.</Text>
  </Details>
  <Details ServiceId="80" MessageId="30" Timestamp="19/01/2021 10:29:39" Debug="false">
    <Text>Not invalidating fingerprints for library object: hg1jahs3gd0jgsaf2dbb664-4d56-4e0c-a72a-4fafe63f10c50[UDT7]</Text>
  </Details>
  <Details ServiceId="80" MessageId="30" Timestamp="19/01/2021 10:29:39" Debug="false">
    <Text>Not invalidating fingerprints for library object: hg1jahs3gd0jgsa3481408a-78ec-49a6-aaa3-970f4bf6c83e0[UDT6]</Text>
  </Details>
  <Details ServiceId="80" MessageId="30" Timestamp="19/01/2021 10:29:39" Debug="false">
    <Text>Not invalidating fingerprints for library object: hg1jahs3gd0jgsad6149890-b981-4481-913f-7915eb08fa130[UDT5]</Text>
  </Details>
  <Details ServiceId="80" MessageId="30" Timestamp="19/01/2021 10:29:39" Debug="false">
    <Text>Not invalidating fingerprints for library object: hg1jahs3gd0jgsa35141167-d9d4-4aca-bafa-c8207b9664f40[UDT2]</Text>
  </Details>
  <Details ServiceId="80" MessageId="30" Timestamp="19/01/2021 10:29:39" Debug="false">
    <Text>Not invalidating fingerprints for library object: hg1jahs3gd0jgsa73c6cf08-a13f-418d-aaa5-b5ac244a6f320[UDT4]</Text>
  </Details>
  <Details ServiceId="80" MessageId="30" Timestamp="19/01/2021 10:29:40" Debug="false">
    <Text>Not invalidating fingerprints for library object: hg1jahs3gd0jgsab6477958-82e3-48c7-ae04-0f75ef2844750[UDT3]</Text>
  </Details>
  <Details ServiceId="80" MessageId="30" Timestamp="19/01/2021 10:29:40" Debug="false">
    <Text>Not invalidating fingerprints for library object: hg1jahs3gd0jgsa7e7b2729-d0f3-4dab-b829-f3d54a98ae450[UDT1]</Text>
  </Details>
  <Details ServiceId="80" MessageId="30" Timestamp="19/01/2021 10:29:40" Debug="false">
    <Text>Not invalidating fingerprints for library object: hg1jahs3gd0jgsa66347793-4dd3-4c18-9140-dfab051012180[FC13]</Text>
  </Details>
  <Details ServiceId="80" MessageId="30" Timestamp="19/01/2021 10:29:40" Debug="false">
    <Text>Not invalidating fingerprints for library object: hg1jahs3gd0jgsa70cb644a-55a7-455f-803e-62eb90bc51aa0[FB119]</Text>
  </Details>
  <Details ServiceId="80" MessageId="30" Timestamp="19/01/2021 10:29:40" Debug="false">
    <Text>Not invalidating fingerprints for library object: hg1jahs3gd0jgsa0ab70252-ee41-49b4-8c7c-bddb9a0feb860[FC15]</Text>
  </Details>
  <Details ServiceId="80" MessageId="30" Timestamp="19/01/2021 10:29:41" Debug="false">
    <Text>Not invalidating fingerprints for library object: hg1jahs3gd0jgsaeea14edd-1768-41d6-9ca6-f78046c820f40[FB1]</Text>
  </Details>
  <Details ServiceId="80" MessageId="30" Timestamp="19/01/2021 10:29:41" Debug="false">
    <Text>Not invalidating fingerprints for library object: hg1jahs3gd0jgsa5988def4-d43a-4877-9df5-f7548a26d2cc0[FB90]</Text>
  </Details>
  <Details ServiceId="80" MessageId="30" Timestamp="19/01/2021 10:29:41" Debug="false">
    <Text>Not invalidating fingerprints for library object: hg1jahs3gd0jgsadf5c14ba-45c2-4125-97f5-27c9152d9a920[FB6]</Text>
  </Details>
  <Details ServiceId="80" MessageId="30" Timestamp="19/01/2021 10:29:42" Debug="false">
    <Text>Not invalidating fingerprints for library object: hg1jahs3gd0jgsaa6f038f8-5c8f-4b1e-9fb1-9d11985995000[FB7]</Text>
  </Details>
  <Details ServiceId="80" MessageId="30" Timestamp="19/01/2021 10:29:42" Debug="false">
    <Text>Not invalidating fingerprints for library object: hg1jahs3gd0jgsa34296b92-9537-4e3d-a772-409b99b41aa70[FC4]</Text>
  </Details>
  <Details ServiceId="80" MessageId="30" Timestamp="19/01/2021 10:29:42" Debug="false">
    <Text>Not invalidating fingerprints for library object: hg1jahs3gd0jgsa87e65e08-fd07-40b1-85c9-5465fdf7ee800[FC5]</Text>
  </Details>
  <Details ServiceId="80" MessageId="30" Timestamp="19/01/2021 10:29:42" Debug="false">
    <Text>Not invalidating fingerprints for library object: hg1jahs3gd0jgsa6ea10781-d5ae-4146-b4ea-3287f677c1550[FC2]</Text>
  </Details>
  <Details ServiceId="80" MessageId="30" Timestamp="19/01/2021 10:29:42" Debug="false">
    <Text>Not invalidating fingerprints for library object: hg1jahs3gd0jgsa3e1a05df-8084-4a72-918e-28579a8f00070[FB104]</Text>
  </Details>
  <Details ServiceId="80" MessageId="30" Timestamp="19/01/2021 10:29:42" Debug="false">
    <Text>Not invalidating fingerprints for library object: hg1jahs3gd0jgsa51c1e8b4-3ad5-4f7a-8f84-feb95a2d95f50[FB17]</Text>
  </Details>
  <Details ServiceId="80" MessageId="30" Timestamp="19/01/2021 10:29:42" Debug="false">
    <Text>Not invalidating fingerprints for library object: hg1jahs3gd0jgsaefd12a06-bf20-4474-97ee-2243ec1763760[FC10]</Text>
  </Details>
  <Details ServiceId="80" MessageId="30" Timestamp="19/01/2021 10:29:42" Debug="false">
    <Text>Not invalidating fingerprints for library object: hg1jahs3gd0jgsaab063368-1f2a-4719-b25d-e1bd0346b88e0[FC11]</Text>
  </Details>
  <Details ServiceId="80" MessageId="30" Timestamp="19/01/2021 10:29:42" Debug="false">
    <Text>Not invalidating fingerprints for library object: hg1jahs3gd0jgsab777da5b-1a78-4149-a763-be414599ab320[FB40]</Text>
  </Details>
  <Details ServiceId="80" MessageId="30" Timestamp="19/01/2021 10:29:42" Debug="false">
    <Text>Not invalidating fingerprints for library object: hg1jahs3gd0jgsa2f9b7012-08e2-4641-83f8-26858922a0680[FB4]</Text>
  </Details>
  <Details ServiceId="80" MessageId="30" Timestamp="19/01/2021 10:29:42" Debug="false">
    <Text>Not invalidating fingerprints for library object: hg1jahs3gd0jgsae47c6b0d-96e7-4466-855a-927a02d29f980[FB114]</Text>
  </Details>
  <Details ServiceId="80" MessageId="30" Timestamp="19/01/2021 10:29:42" Debug="false">
    <Text>Not invalidating fingerprints for library object: hg1jahs3gd0jgsaafd98496-c84e-4d82-ac0b-1faa9fc323c70[FB5]</Text>
  </Details>
  <Details ServiceId="80" MessageId="30" Timestamp="19/01/2021 10:29:44" Debug="false">
    <Text>Not invalidating fingerprints for library object: hg1jahs3gd0jgsa7aa9af83-c0ef-4c25-9c2a-bbc5b78635f80[FB10]</Text>
  </Details>
  <Details ServiceId="80" MessageId="30" Timestamp="19/01/2021 10:29:44" Debug="false">
    <Text>Not invalidating fingerprints for library object: hg1jahs3gd0jgsaf24b9f42-408d-43c5-b0fa-501894bf36d30[FB108]</Text>
  </Details>
  <Details ServiceId="80" MessageId="30" Timestamp="19/01/2021 10:29:44" Debug="false">
    <Text>Not invalidating fingerprints for library object: hg1jahs3gd0jgsaa0c5ccf9-f205-4253-ae74-e8dd2e16043f0[FB97]</Text>
  </Details>
  <Details ServiceId="80" MessageId="30" Timestamp="19/01/2021 10:29:44" Debug="false">
    <Text>Not invalidating fingerprints for library object: hg1jahs3gd0jgsaa968ffde-5a05-4ca1-a3b8-8afa417d75b20[FB110]</Text>
  </Details>
  <Details ServiceId="80" MessageId="30" Timestamp="19/01/2021 10:29:45" Debug="false">
    <Text>Not invalidating fingerprints for library object: hg1jahs3gd0jgsa553338b9-09fd-4026-8162-19534fb3c46a0[FB9]</Text>
  </Details>
  <Details ServiceId="80" MessageId="30" Timestamp="19/01/2021 10:29:45" Debug="false">
    <Text>Not invalidating fingerprints for library object: hg1jahs3gd0jgsaea84c662-7376-4c2e-99a0-e40f225bda100[FB13]</Text>
  </Details>
  <Details ServiceId="80" MessageId="30" Timestamp="19/01/2021 10:29:45" Debug="false">
    <Text>Not invalidating fingerprints for library object: hg1jahs3gd0jgsaa5d43874-b646-4852-8ee4-a3bc4265f3c20[FB8]</Text>
  </Details>
  <Details ServiceId="80" MessageId="30" Timestamp="19/01/2021 10:29:45" Debug="false">
    <Text>Not invalidating fingerprints for library object: hg1jahs3gd0jgsa885b6bde-1dd1-4717-908c-71caa3f155b90[FB79]</Text>
  </Details>
  <Details ServiceId="80" MessageId="30" Timestamp="19/01/2021 10:29:45" Debug="false">
    <Text>Not invalidating fingerprints for library object: hg1jahs3gd0jgsaca141e0e-db09-4830-bf1c-ed3a80a845f40[FB98]</Text>
  </Details>
  <Details ServiceId="80" MessageId="30" Timestamp="19/01/2021 10:29:45" Debug="false">
    <Text>Not invalidating fingerprints for library object: hg1jahs3gd0jgsa23c8b9f3-3e07-4946-b8e5-ecb2340711d30[FB111]</Text>
  </Details>
  <Details ServiceId="80" MessageId="30" Timestamp="19/01/2021 10:29:45" Debug="false">
    <Text>Not invalidating fingerprints for library object: hg1jahs3gd0jgsaae4eca54-a6d3-4372-82e3-7b776417c6920[FC19]</Text>
  </Details>
  <Details ServiceId="80" MessageId="30" Timestamp="19/01/2021 10:29:45" Debug="false">
    <Text>Not invalidating fingerprints for library object: hg1jahs3gd0jgsa73f03d33-1449-4cb7-8ab5-c0958dfe9cfb0[FC21]</Text>
  </Details>
  <Details ServiceId="80" MessageId="30" Timestamp="19/01/2021 10:29:46" Debug="false">
    <Text>Not invalidating fingerprints for library object: hg1jahs3gd0jgsa9cd1b43c-5b35-412f-879f-1d69c14d88bb0[FB35]</Text>
  </Details>
  <Details ServiceId="80" MessageId="30" Timestamp="19/01/2021 10:29:46" Debug="false">
    <Text>Not invalidating fingerprints for library object: hg1jahs3gd0jgsa48891416-9b31-4c4a-b81e-4c38024df0c70[FB54]</Text>
  </Details>
  <Details ServiceId="80" MessageId="30" Timestamp="19/01/2021 10:29:46" Debug="false">
    <Text>Not invalidating fingerprints for library object: hg1jahs3gd0jgsabfe9b8d2-c7cc-4ef1-adf1-0817ddc8a1e20[FB118]</Text>
  </Details>
  <Details ServiceId="80" MessageId="30" Timestamp="19/01/2021 10:29:46" Debug="false">
    <Text>Not invalidating fingerprints for library object: hg1jahs3gd0jgsa8fea4cfb-8f24-4c02-8701-2a1eafa424090[FB121]</Text>
  </Details>
  <Details ServiceId="80" MessageId="30" Timestamp="19/01/2021 10:29:46" Debug="false">
    <Text>Not invalidating fingerprints for library object: hg1jahs3gd0jgsae924a283-f733-4817-807a-13470252bd630[FC8]</Text>
  </Details>
  <Details ServiceId="80" MessageId="30" Timestamp="19/01/2021 10:29:46" Debug="false">
    <Text>Not invalidating fingerprints for library object: hg1jahs3gd0jgsa9d498caf-b951-4346-881f-1dbbcffee2000[FC12]</Text>
  </Details>
  <Details ServiceId="80" MessageId="30" Timestamp="19/01/2021 10:29:46" Debug="false">
    <Text>Not invalidating fingerprints for library object: hg1jahs3gd0jgsaaf9753d7-cdb4-4785-a4b6-0e4214a585320[FB122]</Text>
  </Details>
  <Details ServiceId="80" MessageId="30" Timestamp="19/01/2021 10:29:46" Debug="false">
    <Text>Not invalidating fingerprints for library object: hg1jahs3gd0jgsaa10c9f90-28a1-429f-9f69-6aa3d57993560[FB41]</Text>
  </Details>
  <Details ServiceId="80" MessageId="30" Timestamp="19/01/2021 10:29:46" Debug="false">
    <Text>Not invalidating fingerprints for library object: hg1jahs3gd0jgsa64ba9a9b-03cf-4cf0-83b8-d86eda718ea80[FC9]</Text>
  </Details>
  <Details ServiceId="80" MessageId="30" Timestamp="19/01/2021 10:29:46" Debug="false">
    <Text>Not invalidating fingerprints for library object: hg1jahs3gd0jgsade27c6a2-8715-40c0-867a-d66e8f21c7540[FC22]</Text>
  </Details>
  <Details ServiceId="80" MessageId="30" Timestamp="19/01/2021 10:29:46" Debug="false">
    <Text>Not invalidating fingerprints for library object: hg1jahs3gd0jgsa1496d3bb-beb2-4090-a00e-d3d79fb40cb60[FC25]</Text>
  </Details>
  <Details ServiceId="80" MessageId="30" Timestamp="19/01/2021 10:29:46" Debug="false">
    <Text>Not invalidating fingerprints for library object: hg1jahs3gd0jgsa31de54b6-c48d-4b6b-a995-01a256204db90[FC3]</Text>
  </Details>
  <Details ServiceId="80" MessageId="30" Timestamp="19/01/2021 10:29:46" Debug="false">
    <Text>Not invalidating fingerprints for library object: hg1jahs3gd0jgsa80c6c62e-4440-4c32-8d74-1c37feb9da230[FB21]</Text>
  </Details>
  <Details ServiceId="80" MessageId="30" Timestamp="19/01/2021 10:29:46" Debug="false">
    <Text>Not invalidating fingerprints for library object: hg1jahs3gd0jgsaadce74bc-1fbd-43e1-b64f-e5d0e2c02f290[FC7]</Text>
  </Details>
  <Details ServiceId="80" MessageId="30" Timestamp="19/01/2021 10:29:46" Debug="false">
    <Text>Not invalidating fingerprints for library object: hg1jahs3gd0jgsaf4427946-dee3-4b33-8093-9ee92b0f57350[FC24]</Text>
  </Details>
  <Details ServiceId="80" MessageId="30" Timestamp="19/01/2021 10:29:46" Debug="false">
    <Text>Not invalidating fingerprints for library object: hg1jahs3gd0jgsafe1a2ba4-8f7e-4a3d-8637-61e592137f880[FC23]</Text>
  </Details>
  <Details ServiceId="80" MessageId="30" Timestamp="19/01/2021 10:29:47" Debug="false">
    <Text>Not invalidating fingerprints for library object: hg1jahs3gd0jgsaec5646b1-a3a0-4e7b-8e47-713eaa78fa5d0[FC28]</Text>
  </Details>
  <Details ServiceId="80" MessageId="30" Timestamp="19/01/2021 10:29:47" Debug="false">
    <Text>Not invalidating fingerprints for library object: hg1jahs3gd0jgsaf7be545b-0e1e-45fc-85b2-ba6266a3533c0[FB11]</Text>
  </Details>
  <Details ServiceId="80" MessageId="30" Timestamp="19/01/2021 10:29:47" Debug="false">
    <Text>Not invalidating fingerprints for library object: hg1jahs3gd0jgsab3dce3fa-689d-40f8-9505-d658bfda9dc90[FB116]</Text>
  </Details>
  <Details ServiceId="80" MessageId="30" Timestamp="19/01/2021 10:29:47" Debug="false">
    <Text>Not invalidating fingerprints for library object: hg1jahs3gd0jgsad82153e5-1129-404e-8990-29d374dad4170[FB31]</Text>
  </Details>
  <Details ServiceId="80" MessageId="30" Timestamp="19/01/2021 10:29:47" Debug="false">
    <Text>Not invalidating fingerprints for library object: hg1jahs3gd0jgsa150e9d8b-bc02-4989-b531-606999a2a53e0[FB33]</Text>
  </Details>
  <Details ServiceId="80" MessageId="30" Timestamp="19/01/2021 10:29:47" Debug="false">
    <Text>Not invalidating fingerprints for library object: hg1jahs3gd0jgsa91c3b4c3-7149-4b74-abbf-f6456001070f0[FB32]</Text>
  </Details>
  <Details ServiceId="80" MessageId="30" Timestamp="19/01/2021 10:29:47" Debug="false">
    <Text>Not invalidating fingerprints for library object: hg1jahs3gd0jgsad3890a3b-eb68-40cb-97aa-840fae0412450[FB102]</Text>
  </Details>
  <Details ServiceId="80" MessageId="30" Timestamp="19/01/2021 10:29:47" Debug="false">
    <Text>Not invalidating fingerprints for library object: hg1jahs3gd0jgsae5ab4709-7d45-456f-aced-b0ed6947a8330[FB96]</Text>
  </Details>
  <Details ServiceId="80" MessageId="30" Timestamp="19/01/2021 10:29:47" Debug="false">
    <Text>Not invalidating fingerprints for library object: hg1jahs3gd0jgsad2e90eb9-d1ce-4868-88d7-e3fbdd05903c0[FB115]</Text>
  </Details>
  <Details ServiceId="80" MessageId="30" Timestamp="19/01/2021 10:29:47" Debug="false">
    <Text>Not invalidating fingerprints for library object: hg1jahs3gd0jgsa4efcf40d-2712-4b00-912b-cc038e91e4b90[FB71]</Text>
  </Details>
  <Details ServiceId="80" MessageId="30" Timestamp="19/01/2021 10:29:47" Debug="false">
    <Text>Not invalidating fingerprints for library object: hg1jahs3gd0jgsab2ad0ebf-dff5-485f-894f-96cc175c5e3b0[FC14]</Text>
  </Details>
  <Details ServiceId="80" MessageId="30" Timestamp="19/01/2021 10:29:47" Debug="false">
    <Text>Not invalidating fingerprints for library object: hg1jahs3gd0jgsa2a4560c3-e72d-4713-be9e-a296263160920[FB112]</Text>
  </Details>
  <Details ServiceId="80" MessageId="30" Timestamp="19/01/2021 10:29:47" Debug="false">
    <Text>Not invalidating fingerprints for library object: hg1jahs3gd0jgsaeb454ec0-bcc1-4d2b-92e6-4795baaa14230[FB101]</Text>
  </Details>
  <Details ServiceId="80" MessageId="30" Timestamp="19/01/2021 10:29:47" Debug="false">
    <Text>Not invalidating fingerprints for library object: hg1jahs3gd0jgsa22a7db16-0652-4461-af9a-7320d8ee53a50[FB56]</Text>
  </Details>
  <Details ServiceId="80" MessageId="30" Timestamp="19/01/2021 10:29:47" Debug="false">
    <Text>Not invalidating fingerprints for library object: hg1jahs3gd0jgsa8469cfd4-6d13-405a-94c0-639f031b38960[FB89]</Text>
  </Details>
  <Details ServiceId="80" MessageId="30" Timestamp="19/01/2021 10:29:47" Debug="false">
    <Text>Not invalidating fingerprints for library object: hg1jahs3gd0jgsa64f997a9-a94c-4a9b-89f4-10617920a1d90[FB85]</Text>
  </Details>
  <Details ServiceId="80" MessageId="30" Timestamp="19/01/2021 10:29:47" Debug="false">
    <Text>Not invalidating fingerprints for library object: hg1jahs3gd0jgsa214124b7-172c-4aad-af02-9879e8cbfb4b0[FB103]</Text>
  </Details>
  <Details ServiceId="80" MessageId="30" Timestamp="19/01/2021 10:29:47" Debug="false">
    <Text>Not invalidating fingerprints for library object: hg1jahs3gd0jgsa0a2e55ff-f174-4c91-991c-d550a76dcb260[FB78]</Text>
  </Details>
  <Details ServiceId="80" MessageId="30" Timestamp="19/01/2021 10:29:47" Debug="false">
    <Text>Not invalidating fingerprints for library object: hg1jahs3gd0jgsa96714612-4457-4b81-84e1-8851c22490950[FC6]</Text>
  </Details>
  <Details ServiceId="80" MessageId="30" Timestamp="19/01/2021 10:29:48" Debug="false">
    <Text>Not invalidating fingerprints for library object: hg1jahs3gd0jgsa9b3b3be9-ca88-4384-8eb2-34b7ccecab4d0[FB124]</Text>
  </Details>
  <Details ServiceId="80" MessageId="30" Timestamp="19/01/2021 10:29:48" Debug="false">
    <Text>Not invalidating fingerprints for library object: hg1jahs3gd0jgsa04f4d2e7-5388-4dc3-9379-f4a7a9f180ec0[FB105]</Text>
  </Details>
  <Details ServiceId="80" MessageId="30" Timestamp="19/01/2021 10:29:48" Debug="false">
    <Text>Not invalidating fingerprints for library object: hg1jahs3gd0jgsa30b1cda7-844b-4c67-aa4b-6ba8286a30ff0[FB107]</Text>
  </Details>
  <Details ServiceId="80" MessageId="30" Timestamp="19/01/2021 10:29:48" Debug="false">
    <Text>Not invalidating fingerprints for library object: hg1jahs3gd0jgsa8a2eb2db-5ac0-43cd-90fd-c724d2cd24df0[FB106]</Text>
  </Details>
  <Details ServiceId="80" MessageId="30" Timestamp="19/01/2021 10:29:48" Debug="false">
    <Text>Not invalidating fingerprints for library object: hg1jahs3gd0jgsafc337504-9dfc-4abe-bdd2-af2ec23073bb0[FB94]</Text>
  </Details>
  <Details ServiceId="80" MessageId="30" Timestamp="19/01/2021 10:29:48" Debug="false">
    <Text>Not invalidating fingerprints for library object: hg1jahs3gd0jgsa2b425960-2a22-4a55-9388-3e1fdd11f2080[FB117]</Text>
  </Details>
  <Details ServiceId="80" MessageId="30" Timestamp="19/01/2021 10:29:48" Debug="false">
    <Text>Not invalidating fingerprints for library object: hg1jahs3gd0jgsad5149539-9956-4267-9119-26788bae014a0[FB3]</Text>
  </Details>
  <Details ServiceId="80" MessageId="30" Timestamp="19/01/2021 10:29:48" Debug="false">
    <Text>Not invalidating fingerprints for library object: hg1jahs3gd0jgsa302cddce-7d11-4a2d-b9f5-e103bac123470[FC20]</Text>
  </Details>
  <Details ServiceId="80" MessageId="30" Timestamp="19/01/2021 10:29:48" Debug="false">
    <Text>Not invalidating fingerprints for library object: hg1jahs3gd0jgsaeb0dc09e-01e6-43cc-8f08-5bd7894371880[FB81]</Text>
  </Details>
  <Details ServiceId="80" MessageId="30" Timestamp="19/01/2021 10:29:48" Debug="false">
    <Text>Not invalidating fingerprints for library object: hg1jahs3gd0jgsab202ee61-b874-427e-8024-92111a55ff310[FB16]</Text>
  </Details>
  <Details ServiceId="80" MessageId="30" Timestamp="19/01/2021 10:29:48" Debug="false">
    <Text>Not invalidating fingerprints for library object: hg1jahs3gd0jgsa00602156-cf64-4854-89be-16d12d339a3b0[FB18]</Text>
  </Details>
  <Details ServiceId="80" MessageId="30" Timestamp="19/01/2021 10:29:48" Debug="false">
    <Text>Not invalidating fingerprints for library object: hg1jahs3gd0jgsa0612255e-e340-4c1d-9f69-1bcab9a071130[FB12]</Text>
  </Details>
  <Details ServiceId="80" MessageId="30" Timestamp="19/01/2021 10:29:48" Debug="false">
    <Text>Not invalidating fingerprints for library object: hg1jahs3gd0jgsa0aed1673-7724-4b3b-a20e-0e5a4e536a8c0[FB80]</Text>
  </Details>
  <Details ServiceId="80" MessageId="30" Timestamp="19/01/2021 10:29:48" Debug="false">
    <Text>Not invalidating fingerprints for library object: hg1jahs3gd0jgsa1e5f706f-b6c2-42a2-98fd-2382ee3b2e200[FB15]</Text>
  </Details>
  <Details ServiceId="80" MessageId="30" Timestamp="19/01/2021 10:29:48" Debug="false">
    <Text>Not invalidating fingerprints for library object: hg1jahs3gd0jgsaf3133f70-3cb5-4790-9e99-dab5f8e758e60[FB19]</Text>
  </Details>
  <Details ServiceId="80" MessageId="30" Timestamp="19/01/2021 10:29:48" Debug="false">
    <Text>Not invalidating fingerprints for library object: hg1jahs3gd0jgsa8e02a28d-0342-4dcd-bbfa-63b66ba4ee0a0[FB20]</Text>
  </Details>
  <Details ServiceId="80" MessageId="30" Timestamp="19/01/2021 10:29:48" Debug="false">
    <Text>Not invalidating fingerprints for library object: hg1jahs3gd0jgsa31a4cfad-7364-4abb-a904-8317ab00c42e0[FB82]</Text>
  </Details>
  <Details ServiceId="80" MessageId="30" Timestamp="19/01/2021 10:29:49" Debug="false">
    <Text>Not invalidating fingerprints for library object: hg1jahs3gd0jgsafe426da7-b8df-4589-bd99-98e20331884c0[FB22]</Text>
  </Details>
  <Details ServiceId="80" MessageId="30" Timestamp="19/01/2021 10:29:49" Debug="false">
    <Text>Not invalidating fingerprints for library object: hg1jahs3gd0jgsae7b7496a-5f90-4114-88bb-0b23d5c8d9e80[FB23]</Text>
  </Details>
  <Details ServiceId="80" MessageId="30" Timestamp="19/01/2021 10:29:49" Debug="false">
    <Text>Not invalidating fingerprints for library object: hg1jahs3gd0jgsadbfb8103-5db2-4589-b4bd-d214c36c9b4e0[FB24]</Text>
  </Details>
  <Details ServiceId="80" MessageId="30" Timestamp="19/01/2021 10:29:49" Debug="false">
    <Text>Not invalidating fingerprints for library object: hg1jahs3gd0jgsae73c1675-602e-4926-a745-f9b5f0662f830[FB109]</Text>
  </Details>
  <Details ServiceId="80" MessageId="30" Timestamp="19/01/2021 10:29:49" Debug="false">
    <Text>Not invalidating fingerprints for library object: hg1jahs3gd0jgsa4839e087-078e-40cc-b251-418805b0b65a0[FB25]</Text>
  </Details>
  <Details ServiceId="80" MessageId="30" Timestamp="19/01/2021 10:29:49" Debug="false">
    <Text>Not invalidating fingerprints for library object: hg1jahs3gd0jgsa7e757783-4e84-4698-9f58-df5132d7eebc0[FC16]</Text>
  </Details>
  <Details ServiceId="80" MessageId="30" Timestamp="19/01/2021 10:29:49" Debug="false">
    <Text>Not invalidating fingerprints for library object: hg1jahs3gd0jgsa6f5ff46b-8f8e-4245-90de-f9f5a3ef82b40[FB83]</Text>
  </Details>
  <Details ServiceId="80" MessageId="30" Timestamp="19/01/2021 10:29:49" Debug="false">
    <Text>Not invalidating fingerprints for library object: hg1jahs3gd0jgsad7a601cd-df86-478c-84f1-683a51eac3db0[FB126]</Text>
  </Details>
  <Details ServiceId="80" MessageId="30" Timestamp="19/01/2021 10:29:49" Debug="false">
    <Text>Not invalidating fingerprints for library object: hg1jahs3gd0jgsa6ffe72de-a72b-436f-8961-35349b11d8310[FB128]</Text>
  </Details>
  <Details ServiceId="80" MessageId="30" Timestamp="19/01/2021 10:29:49" Debug="false">
    <Text>Not invalidating fingerprints for library object: hg1jahs3gd0jgsaf132f4fa-21e8-4bb0-b80b-f6024dc3209b0[FB127]</Text>
  </Details>
  <Details ServiceId="80" MessageId="30" Timestamp="19/01/2021 10:29:49" Debug="false">
    <Text>Not invalidating fingerprints for library object: hg1jahs3gd0jgsa1916ebf2-aa85-4b6c-a524-4a5259ceac170[FB129]</Text>
  </Details>
  <Details ServiceId="80" MessageId="30" Timestamp="19/01/2021 10:29:49" Debug="false">
    <Text>Not invalidating fingerprints for library object: hg1jahs3gd0jgsa07b61bc2-7d81-45de-9701-d79fe553a3c40[FB26]</Text>
  </Details>
  <Details ServiceId="80" MessageId="30" Timestamp="19/01/2021 10:29:49" Debug="false">
    <Text>Not invalidating fingerprints for library object: hg1jahs3gd0jgsa68312b84-3447-4914-b281-95c5d4e05de50[FB14]</Text>
  </Details>
  <Details ServiceId="80" MessageId="30" Timestamp="19/01/2021 10:29:50" Debug="false">
    <Text>Not invalidating fingerprints for library object: hg1jahs3gd0jgsa67c0c3ae-405e-4cec-a74e-5eb4291b49a50[FB27]</Text>
  </Details>
  <Details ServiceId="80" MessageId="30" Timestamp="19/01/2021 10:29:50" Debug="false">
    <Text>Not invalidating fingerprints for library object: hg1jahs3gd0jgsa10459cd9-e426-42b0-9f0c-6794fd08381e0[FB28]</Text>
  </Details>
  <Details ServiceId="80" MessageId="30" Timestamp="19/01/2021 10:29:50" Debug="false">
    <Text>Not invalidating fingerprints for library object: hg1jahs3gd0jgsae45c6f22-a20f-4c91-b0b3-bcc46e3b01bd0[FB29]</Text>
  </Details>
  <Details ServiceId="80" MessageId="30" Timestamp="19/01/2021 10:29:50" Debug="false">
    <Text>Not invalidating fingerprints for library object: hg1jahs3gd0jgsad7b31129-689b-486e-906a-b4e9115cc4750[FB84]</Text>
  </Details>
  <Details ServiceId="80" MessageId="30" Timestamp="19/01/2021 10:29:50" Debug="false">
    <Text>Not invalidating fingerprints for library object: hg1jahs3gd0jgsaa04d4caf-7ed4-4700-9bab-3121c918f2b30[FB30]</Text>
  </Details>
  <Details ServiceId="80" MessageId="30" Timestamp="19/01/2021 10:29:50" Debug="false">
    <Text>Not invalidating fingerprints for library object: hg1jahs3gd0jgsa3381a482-4d1f-49f1-ae3d-604dc16618500[FB99]</Text>
  </Details>
  <Details ServiceId="80" MessageId="30" Timestamp="19/01/2021 10:29:50" Debug="false">
    <Text>Not invalidating fingerprints for library object: hg1jahs3gd0jgsafb6e4fab-4b3e-4910-bd34-9d52144ee17d0[FB100]</Text>
  </Details>
  <Details ServiceId="80" MessageId="30" Timestamp="19/01/2021 10:29:50" Debug="false">
    <Text>Not invalidating fingerprints for library object: hg1jahs3gd0jgsaab322742-a22e-49b0-a4e8-429b6fb1e9120[FB34]</Text>
  </Details>
  <Details ServiceId="80" MessageId="30" Timestamp="19/01/2021 10:29:50" Debug="false">
    <Text>Not invalidating fingerprints for library object: hg1jahs3gd0jgsaff1cbbc2-d3fc-4ca2-a148-82c2bcb65bfb0[FB86]</Text>
  </Details>
  <Details ServiceId="80" MessageId="30" Timestamp="19/01/2021 10:29:50" Debug="false">
    <Text>Not invalidating fingerprints for library object: hg1jahs3gd0jgsa3f6fe422-718f-4e78-a503-2e534bbe66f60[FB36]</Text>
  </Details>
  <Details ServiceId="80" MessageId="30" Timestamp="19/01/2021 10:29:50" Debug="false">
    <Text>Not invalidating fingerprints for library object: hg1jahs3gd0jgsae3e479f7-abb1-4b22-9612-f243d93b4b730[FB37]</Text>
  </Details>
  <Details ServiceId="80" MessageId="30" Timestamp="19/01/2021 10:29:50" Debug="false">
    <Text>Not invalidating fingerprints for library object: hg1jahs3gd0jgsa29092307-b309-4866-82e6-23104cf8427a0[FC18]</Text>
  </Details>
  <Details ServiceId="80" MessageId="30" Timestamp="19/01/2021 10:29:50" Debug="false">
    <Text>Not invalidating fingerprints for library object: hg1jahs3gd0jgsa2f137a31-b427-4af1-9b31-b68261669a7c0[FC17]</Text>
  </Details>
  <MessageCell ServiceId="80" MessageId="30" MessageClass="Information" Timestamp="19/01/2021 10:29:50">
    <Number ServiceNumber="80" MessageNumber="30" />
    <Text FeedbackText="Fixed illegal character U+009D in single line comment ' #4  PLC instructs IND560 terminal to start â€œusingâ€ new target value' of compile unit #1(SCL) (RefId: 1) in 'hg1jahs3gd0jgsa4fe09108-3db9-465d-965a-e872513a9f840 [FB87]', which may affect its online compare state." />
    <Help HelpId="-1" />
  </MessageCell>
  <Details ServiceId="80" MessageId="30" Timestamp="19/01/2021 10:29:50" Debug="false">
    <Text>Not invalidating fingerprints for library object: hg1jahs3gd0jgsa4fe09108-3db9-465d-965a-e872513a9f840[FB87]</Text>
  </Details>
  <Details ServiceId="80" MessageId="30" Timestamp="19/01/2021 10:29:50" Debug="false">
    <Text>Not invalidating fingerprints for library object: hg1jahs3gd0jgsad3cd4f43-2885-423b-8761-f1f7ef81ea840[FB88]</Text>
  </Details>
  <Details ServiceId="80" MessageId="30" Timestamp="19/01/2021 10:29:50" Debug="false">
    <Text>Not invalidating fingerprints for library object: hg1jahs3gd0jgsa57855250-1acd-4c32-9e6a-0f3941eaa9c90[FB38]</Text>
  </Details>
  <Details ServiceId="80" MessageId="30" Timestamp="19/01/2021 10:29:51" Debug="false">
    <Text>Not invalidating fingerprints for library object: hg1jahs3gd0jgsa81dca399-629b-48b8-8eea-40837269aac00[FB39]</Text>
  </Details>
  <Details ServiceId="80" MessageId="30" Timestamp="19/01/2021 10:29:51" Debug="false">
    <Text>Not invalidating fingerprints for library object: hg1jahs3gd0jgsa03341d88-42d7-4b67-8035-8aa976777f060[FB42]</Text>
  </Details>
  <Details ServiceId="80" MessageId="30" Timestamp="19/01/2021 10:29:51" Debug="false">
    <Text>Not invalidating fingerprints for library object: hg1jahs3gd0jgsa7073151e-14ff-4865-994e-757b8537347f0[FB43]</Text>
  </Details>
  <Details ServiceId="80" MessageId="30" Timestamp="19/01/2021 10:29:51" Debug="false">
    <Text>Not invalidating fingerprints for library object: hg1jahs3gd0jgsa748aa342-f17a-4055-99c0-a6ea1744dc7b0[FB125]</Text>
  </Details>
  <Details ServiceId="80" MessageId="30" Timestamp="19/01/2021 10:29:51" Debug="false">
    <Text>Not invalidating fingerprints for library object: hg1jahs3gd0jgsa55677684-785c-402d-82bd-2881271262840[FB44]</Text>
  </Details>
  <Details ServiceId="80" MessageId="30" Timestamp="19/01/2021 10:29:51" Debug="false">
    <Text>Not invalidating fingerprints for library object: hg1jahs3gd0jgsa721a35c3-7fbb-4b7a-85cb-7b7ae5bebfc70[FB52]</Text>
  </Details>
  <Details ServiceId="80" MessageId="30" Timestamp="19/01/2021 10:29:51" Debug="false">
    <Text>Not invalidating fingerprints for library object: hg1jahs3gd0jgsa59a1199a-df86-4226-a519-0192c786ae190[FB61]</Text>
  </Details>
  <Details ServiceId="80" MessageId="30" Timestamp="19/01/2021 10:29:51" Debug="false">
    <Text>Not invalidating fingerprints for library object: hg1jahs3gd0jgsaeadb3aa7-c3d2-4832-a4f6-353170cc1dc40[FB62]</Text>
  </Details>
  <Details ServiceId="80" MessageId="30" Timestamp="19/01/2021 10:29:51" Debug="false">
    <Text>Not invalidating fingerprints for library object: hg1jahs3gd0jgsa28a672fa-8c03-4280-8a8b-dd952d3b94db0[FB63]</Text>
  </Details>
  <Details ServiceId="80" MessageId="30" Timestamp="19/01/2021 10:29:51" Debug="false">
    <Text>Not invalidating fingerprints for library object: hg1jahs3gd0jgsa552c60e3-1e9a-416d-9d29-80c1e73630f80[FB64]</Text>
  </Details>
  <Details ServiceId="80" MessageId="30" Timestamp="19/01/2021 10:29:51" Debug="false">
    <Text>Not invalidating fingerprints for library object: hg1jahs3gd0jgsa54b9b201-25f3-4ee1-a50c-45da3b134a390[FB70]</Text>
  </Details>
  <Details ServiceId="80" MessageId="30" Timestamp="19/01/2021 10:29:51" Debug="false">
    <Text>Not invalidating fingerprints for library object: hg1jahs3gd0jgsadfe06a67-978a-489b-a860-2bab9039c8270[FB45]</Text>
  </Details>
  <Details ServiceId="80" MessageId="30" Timestamp="19/01/2021 10:29:51" Debug="false">
    <Text>Not invalidating fingerprints for library object: hg1jahs3gd0jgsa35843fdb-511c-4ef9-8a1b-5861ca1f41610[FB46]</Text>
  </Details>
  <Details ServiceId="80" MessageId="30" Timestamp="19/01/2021 10:29:51" Debug="false">
    <Text>Not invalidating fingerprints for library object: hg1jahs3gd0jgsa7d941d2a-d98a-45c4-9548-321d43844a8f0[FB47]</Text>
  </Details>
  <Details ServiceId="80" MessageId="30" Timestamp="19/01/2021 10:29:51" Debug="false">
    <Text>Not invalidating fingerprints for library object: hg1jahs3gd0jgsaaa04c2df-7c5c-4b75-ac30-0e9693686b480[FB51]</Text>
  </Details>
  <Details ServiceId="80" MessageId="30" Timestamp="19/01/2021 10:29:51" Debug="false">
    <Text>Not invalidating fingerprints for library object: hg1jahs3gd0jgsa6ace61cf-8770-4e7f-8566-fbf759257bac0[FB91]</Text>
  </Details>
  <Details ServiceId="80" MessageId="30" Timestamp="19/01/2021 10:29:52" Debug="false">
    <Text>Not invalidating fingerprints for library object: hg1jahs3gd0jgsa0f4e30c2-511e-433e-93dc-fbacf9cf9be60[FB95]</Text>
  </Details>
  <Details ServiceId="80" MessageId="30" Timestamp="19/01/2021 10:29:52" Debug="false">
    <Text>Not invalidating fingerprints for library object: hg1jahs3gd0jgsa1365b13f-7090-4b98-b9a0-7a897bcd09fe0[FB123]</Text>
  </Details>
  <Details ServiceId="80" MessageId="30" Timestamp="19/01/2021 10:29:52" Debug="false">
    <Text>Not invalidating fingerprints for library object: hg1jahs3gd0jgsaa0c1240c-dd79-4baa-aed2-faadc5bc23a60[FB92]</Text>
  </Details>
  <Details ServiceId="80" MessageId="30" Timestamp="19/01/2021 10:29:52" Debug="false">
    <Text>Not invalidating fingerprints for library object: hg1jahs3gd0jgsa782e21cd-47d7-4f4e-924a-a8f297f4c5740[FB49]</Text>
  </Details>
  <Details ServiceId="80" MessageId="30" Timestamp="19/01/2021 10:29:52" Debug="false">
    <Text>Not invalidating fingerprints for library object: hg1jahs3gd0jgsa22cb6df4-2272-4f0c-9d8d-3b52819a23b30[FB2]</Text>
  </Details>
  <Details ServiceId="80" MessageId="30" Timestamp="19/01/2021 10:29:52" Debug="false">
    <Text>Not invalidating fingerprints for library object: hg1jahs3gd0jgsa0095a539-c2be-4bb7-9489-8799b1cb50dc0[FB48]</Text>
  </Details>
  <Details ServiceId="80" MessageId="30" Timestamp="19/01/2021 10:29:52" Debug="false">
    <Text>Not invalidating fingerprints for library object: hg1jahs3gd0jgsaa88a8d07-fd42-410f-903d-d0716ff9971b0[FB50]</Text>
  </Details>
  <Details ServiceId="80" MessageId="30" Timestamp="19/01/2021 10:29:52" Debug="false">
    <Text>Not invalidating fingerprints for library object: hg1jahs3gd0jgsa0f4daeb3-fa5c-437c-8d97-d870c3707b010[FB53]</Text>
  </Details>
  <Details ServiceId="80" MessageId="30" Timestamp="19/01/2021 10:29:52" Debug="false">
    <Text>Not invalidating fingerprints for library object: hg1jahs3gd0jgsac820b9c1-bc3a-4baa-8fa3-dfd195ba0b6d0[FB55]</Text>
  </Details>
  <Details ServiceId="80" MessageId="30" Timestamp="19/01/2021 10:29:52" Debug="false">
    <Text>Not invalidating fingerprints for library object: hg1jahs3gd0jgsa4e09c258-2466-4b57-8091-b2e0f3b297740[FB57]</Text>
  </Details>
  <Details ServiceId="80" MessageId="30" Timestamp="19/01/2021 10:29:52" Debug="false">
    <Text>Not invalidating fingerprints for library object: hg1jahs3gd0jgsa320ef37e-a707-4630-a1ec-d1557f4624550[FB58]</Text>
  </Details>
  <Details ServiceId="80" MessageId="30" Timestamp="19/01/2021 10:29:52" Debug="false">
    <Text>Not invalidating fingerprints for library object: hg1jahs3gd0jgsa4845b855-6f17-4213-b7b6-19bb741ecff50[FB59]</Text>
  </Details>
  <Details ServiceId="80" MessageId="30" Timestamp="19/01/2021 10:29:52" Debug="false">
    <Text>Not invalidating fingerprints for library object: hg1jahs3gd0jgsa04843092-87d2-474d-aa25-b77833c431120[FB60]</Text>
  </Details>
  <Details ServiceId="80" MessageId="30" Timestamp="19/01/2021 10:29:52" Debug="false">
    <Text>Not invalidating fingerprints for library object: hg1jahs3gd0jgsa20a45809-5c2c-4d16-9568-e7bcb146da6f0[FB93]</Text>
  </Details>
  <Details ServiceId="80" MessageId="30" Timestamp="19/01/2021 10:29:53" Debug="false">
    <Text>Not invalidating fingerprints for library object: hg1jahs3gd0jgsa493d5af1-474b-42f5-a621-6a8029bcc4bb0[FB65]</Text>
  </Details>
  <Details ServiceId="80" MessageId="30" Timestamp="19/01/2021 10:29:53" Debug="false">
    <Text>Not invalidating fingerprints for library object: hg1jahs3gd0jgsa141a955d-1146-4a1a-922d-3654288514220[FB66]</Text>
  </Details>
  <Details ServiceId="80" MessageId="30" Timestamp="19/01/2021 10:29:53" Debug="false">
    <Text>Not invalidating fingerprints for library object: hg1jahs3gd0jgsa7a19a0f0-c878-4f9c-bf4f-9915c92411410[FB67]</Text>
  </Details>
  <Details ServiceId="80" MessageId="30" Timestamp="19/01/2021 10:29:53" Debug="false">
    <Text>Not invalidating fingerprints for library object: hg1jahs3gd0jgsa09a6c6d8-ce70-420d-900e-2fe319b1c5a40[FB68]</Text>
  </Details>
  <Details ServiceId="80" MessageId="30" Timestamp="19/01/2021 10:29:53" Debug="false">
    <Text>Not invalidating fingerprints for library object: hg1jahs3gd0jgsaa28cedba-a942-4684-94b1-8cb7990cd9c50[FB69]</Text>
  </Details>
  <Details ServiceId="80" MessageId="30" Timestamp="19/01/2021 10:29:53" Debug="false">
    <Text>Not invalidating fingerprints for library object: hg1jahs3gd0jgsab1603dbd-f201-4c5f-805e-65b3a3a6615f0[FB72]</Text>
  </Details>
  <Details ServiceId="80" MessageId="30" Timestamp="19/01/2021 10:29:53" Debug="false">
    <Text>Not invalidating fingerprints for library object: hg1jahs3gd0jgsaeade294f-29d1-44fe-8efa-76d296c586650[FB73]</Text>
  </Details>
  <Details ServiceId="80" MessageId="30" Timestamp="19/01/2021 10:29:53" Debug="false">
    <Text>Not invalidating fingerprints for library object: hg1jahs3gd0jgsa9d879571-c15b-44ef-9f6b-6f6f38011ac90[FB74]</Text>
  </Details>
  <Details ServiceId="80" MessageId="30" Timestamp="19/01/2021 10:29:53" Debug="false">
    <Text>Not invalidating fingerprints for library object: hg1jahs3gd0jgsa620f43e8-1f40-46a3-8e6e-2d5f7e3dc8870[FB75]</Text>
  </Details>
  <Details ServiceId="80" MessageId="30" Timestamp="19/01/2021 10:29:53" Debug="false">
    <Text>Not invalidating fingerprints for library object: hg1jahs3gd0jgsafd1704ee-c759-47f2-b970-dbb8c4f876550[FB76]</Text>
  </Details>
  <Details ServiceId="80" MessageId="30" Timestamp="19/01/2021 10:29:53" Debug="false">
    <Text>Not invalidating fingerprints for library object: hg1jahs3gd0jgsa71d7a75a-cbf0-473d-b911-f2213f7671990[FB77]</Text>
  </Details>
  <Details ServiceId="80" MessageId="30" Timestamp="19/01/2021 10:29:53" Debug="false">
    <Text>Not invalidating fingerprints for library object: hg1jahs3gd0jgsada75735f-aa43-4ae2-bb10-ab51168d5dcc0[FB113]</Text>
  </Details>
  <Details ServiceId="80" MessageId="30" Timestamp="19/01/2021 10:29:53" Debug="false">
    <Text>Not invalidating fingerprints for library object: hg1jahs3gd0jgsa0cd9f136-ceed-42e0-bb6b-6e729a8727d90[FB120]</Text>
  </Details>
  <Details ServiceId="80" MessageId="30" Timestamp="19/01/2021 10:29:53" Debug="false">
    <Text>Not invalidating fingerprints for library object: Table de variables standard</Text>
  </Details>
  <Details ServiceId="80" MessageId="30" Timestamp="19/01/2021 10:29:53" Debug="false">
    <Text>Not invalidating fingerprints for library object: Table de variables standard</Text>
  </Details>
  <Details ServiceId="80" MessageId="30" Timestamp="19/01/2021 10:29:53" Debug="false">
    <Text>Not invalidating fingerprints for library object: Table de variables standard</Text>
  </Details>
  <Details ServiceId="80" MessageId="30" Timestamp="19/01/2021 10:29:53" Debug="false">
    <Text>Not invalidating fingerprints for library object: Table de variables standard</Text>
  </Details>
  <Details ServiceId="80" MessageId="30" Timestamp="19/01/2021 10:29:53" Debug="false">
    <Text>Not invalidating fingerprints for library object: Table de variables standard</Text>
  </Details>
  <Details ServiceId="80" MessageId="30" Timestamp="19/01/2021 10:29:53" Debug="false">
    <Text>Not invalidating fingerprints for library object: Table de variables standard</Text>
  </Details>
  <Details ServiceId="80" MessageId="30" Timestamp="19/01/2021 10:29:53" Debug="false">
    <Text>Not invalidating fingerprints for library object: Table de variables standard</Text>
  </Details>
  <Details ServiceId="80" MessageId="30" Timestamp="19/01/2021 10:29:54" Debug="false">
    <Text>Not invalidating fingerprints for library object: Table de variables standard</Text>
  </Details>
  <Details ServiceId="80" MessageId="30" Timestamp="19/01/2021 10:29:54" Debug="false">
    <Text>Not invalidating fingerprints for library object: Table de variables standard</Text>
  </Details>
  <Details ServiceId="80" MessageId="30" Timestamp="19/01/2021 10:29:54" Debug="false">
    <Text>Not invalidating fingerprints for library object: Table de variables standard</Text>
  </Details>
  <Details ServiceId="80" MessageId="30" Timestamp="19/01/2021 10:29:54" Debug="false">
    <Text>Not invalidating fingerprints for library object: Table de variables standard</Text>
  </Details>
  <Details ServiceId="80" MessageId="30" Timestamp="19/01/2021 10:29:54" Debug="false">
    <Text>Not invalidating fingerprints for library object: Table de variables standard</Text>
  </Details>
  <Details ServiceId="80" MessageId="30" Timestamp="19/01/2021 10:29:54" Debug="false">
    <Text>Not invalidating fingerprints for library object: Table de variables standard</Text>
  </Details>
  <Details ServiceId="80" MessageId="30" Timestamp="19/01/2021 10:29:54" Debug="false">
    <Text>Not invalidating fingerprints for library object: Table de variables standard</Text>
  </Details>
  <Details ServiceId="80" MessageId="30" Timestamp="19/01/2021 10:29:54" Debug="false">
    <Text>Not invalidating fingerprints for library object: Table de variables standard</Text>
  </Details>
  <Details ServiceId="80" MessageId="30" Timestamp="19/01/2021 10:29:54" Debug="false">
    <Text>Not invalidating fingerprints for library object: Table de variables standard</Text>
  </Details>
  <Details ServiceId="80" MessageId="30" Timestamp="19/01/2021 10:29:54" Debug="false">
    <Text>Not invalidating fingerprints for library object: Table de variables standard</Text>
  </Details>
  <Details ServiceId="80" MessageId="30" Timestamp="19/01/2021 10:29:54" Debug="false">
    <Text>Not invalidating fingerprints for library object: Table de variables standard</Text>
  </Details>
  <Details ServiceId="80" MessageId="30" Timestamp="19/01/2021 10:29:54" Debug="false">
    <Text>Not invalidating fingerprints for library object: Table de variables standard</Text>
  </Details>
  <Details ServiceId="80" MessageId="30" Timestamp="19/01/2021 10:29:54" Debug="false">
    <Text>Not invalidating fingerprints for library object: Table de variables standard</Text>
  </Details>
  <Details ServiceId="80" MessageId="30" Timestamp="19/01/2021 10:29:54" Debug="false">
    <Text>Not invalidating fingerprints for library object: Table de variables standard</Text>
  </Details>
  <Details ServiceId="80" MessageId="30" Timestamp="19/01/2021 10:29:54" Debug="false">
    <Text>Not invalidating fingerprints for library object: Table de variables standard</Text>
  </Details>
  <Details ServiceId="80" MessageId="30" Timestamp="19/01/2021 10:29:54" Debug="false">
    <Text>Not invalidating fingerprints for library object: Table de variables standard</Text>
  </Details>
  <Details ServiceId="80" MessageId="30" Timestamp="19/01/2021 10:29:54" Debug="false">
    <Text>Not invalidating fingerprints for library object: Table de variables standard</Text>
  </Details>
  <Details ServiceId="80" MessageId="30" Timestamp="19/01/2021 10:29:54" Debug="false">
    <Text>Not invalidating fingerprints for library object: Table de variables standard</Text>
  </Details>
  <Details ServiceId="80" MessageId="30" Timestamp="19/01/2021 10:29:54" Debug="false">
    <Text>Not invalidating fingerprints for library object: Table de variables standard</Text>
  </Details>
  <Details ServiceId="80" MessageId="30" Timestamp="19/01/2021 10:29:54" Debug="false">
    <Text>Not invalidating fingerprints for library object: Table de variables standard</Text>
  </Details>
  <Details ServiceId="80" MessageId="30" Timestamp="19/01/2021 10:29:54" Debug="false">
    <Text>Not invalidating fingerprints for library object: Table de variables standard</Text>
  </Details>
  <Details ServiceId="80" MessageId="30" Timestamp="19/01/2021 10:29:54" Debug="false">
    <Text>Not invalidating fingerprints for library object: Table de variables standard</Text>
  </Details>
  <Details ServiceId="80" MessageId="30" Timestamp="19/01/2021 10:29:54" Debug="false">
    <Text>Not invalidating fingerprints for library object: Table de variables standard</Text>
  </Details>
  <Details ServiceId="80" MessageId="30" Timestamp="19/01/2021 10:29:54" Debug="false">
    <Text>Not invalidating fingerprints for library object: Table de variables standard</Text>
  </Details>
  <Details ServiceId="80" MessageId="30" Timestamp="19/01/2021 10:29:54" Debug="false">
    <Text>Not invalidating fingerprints for library object: Table de variables standard</Text>
  </Details>
  <Details ServiceId="80" MessageId="30" Timestamp="19/01/2021 10:29:54" Debug="false">
    <Text>Not invalidating fingerprints for library object: Table de variables standard</Text>
  </Details>
  <Details ServiceId="80" MessageId="30" Timestamp="19/01/2021 10:29:54" Debug="false">
    <Text>Not invalidating fingerprints for library object: Table de variables standard</Text>
  </Details>
  <Details ServiceId="80" MessageId="30" Timestamp="19/01/2021 10:29:54" Debug="false">
    <Text>Not invalidating fingerprints for library object: Table de variables standard</Text>
  </Details>
  <Details ServiceId="80" MessageId="30" Timestamp="19/01/2021 10:29:55" Debug="false">
    <Text>Not invalidating fingerprints for library object: Table de variables standard</Text>
  </Details>
  <Details ServiceId="80" MessageId="30" Timestamp="19/01/2021 10:29:55" Debug="false">
    <Text>Not invalidating fingerprints for library object: Table de variables standard</Text>
  </Details>
  <Details ServiceId="80" MessageId="30" Timestamp="19/01/2021 10:29:55" Debug="false">
    <Text>Not invalidating fingerprints for library object: Table de variables standard</Text>
  </Details>
  <Details ServiceId="80" MessageId="30" Timestamp="19/01/2021 10:29:55" Debug="false">
    <Text>Not invalidating fingerprints for library object: Table de variables standard</Text>
  </Details>
  <Details ServiceId="80" MessageId="30" Timestamp="19/01/2021 10:29:55" Debug="false">
    <Text>Not invalidating fingerprints for library object: Table de variables standard</Text>
  </Details>
  <Details ServiceId="80" MessageId="30" Timestamp="19/01/2021 10:29:55" Debug="false">
    <Text>Not invalidating fingerprints for library object: Table de variables standard</Text>
  </Details>
  <Details ServiceId="80" MessageId="30" Timestamp="19/01/2021 10:29:55" Debug="false">
    <Text>Not invalidating fingerprints for library object: Table de variables standard</Text>
  </Details>
  <Details ServiceId="80" MessageId="30" Timestamp="19/01/2021 10:29:55" Debug="false">
    <Text>Not invalidating fingerprints for library object: Table de variables standard</Text>
  </Details>
  <Details ServiceId="80" MessageId="30" Timestamp="19/01/2021 10:29:55" Debug="false">
    <Text>Not invalidating fingerprints for library object: Table de variables standard</Text>
  </Details>
  <Details ServiceId="80" MessageId="30" Timestamp="19/01/2021 10:29:55" Debug="false">
    <Text>Not invalidating fingerprints for library object: Table de variables standard</Text>
  </Details>
  <Details ServiceId="80" MessageId="30" Timestamp="19/01/2021 10:29:55" Debug="false">
    <Text>Not invalidating fingerprints for library object: Table de variables standard</Text>
  </Details>
  <Details ServiceId="80" MessageId="30" Timestamp="19/01/2021 10:29:55" Debug="false">
    <Text>Not invalidating fingerprints for library object: Table de variables standard</Text>
  </Details>
  <Details ServiceId="80" MessageId="30" Timestamp="19/01/2021 10:29:55" Debug="false">
    <Text>Not invalidating fingerprints for library object: Table de variables standard</Text>
  </Details>
  <Details ServiceId="80" MessageId="30" Timestamp="19/01/2021 10:29:55" Debug="false">
    <Text>Not invalidating fingerprints for library object: Table de variables standard</Text>
  </Details>
  <Details ServiceId="80" MessageId="30" Timestamp="19/01/2021 10:29:55" Debug="false">
    <Text>Not invalidating fingerprints for library object: Table de variables standard</Text>
  </Details>
  <Details ServiceId="80" MessageId="30" Timestamp="19/01/2021 10:29:55" Debug="false">
    <Text>Not invalidating fingerprints for library object: Table de variables standard</Text>
  </Details>
  <Details ServiceId="80" MessageId="30" Timestamp="19/01/2021 10:29:55" Debug="false">
    <Text>Not invalidating fingerprints for library object: Table de variables standard</Text>
  </Details>
  <Details ServiceId="80" MessageId="30" Timestamp="19/01/2021 10:29:55" Debug="false">
    <Text>Not invalidating fingerprints for library object: Table de variables standard</Text>
  </Details>
  <Details ServiceId="80" MessageId="30" Timestamp="19/01/2021 10:29:55" Debug="false">
    <Text>Not invalidating fingerprints for library object: Table de variables standard</Text>
  </Details>
  <Details ServiceId="80" MessageId="30" Timestamp="19/01/2021 10:29:55" Debug="false">
    <Text>Not invalidating fingerprints for library object: Table de variables standard</Text>
  </Details>
  <Details ServiceId="80" MessageId="30" Timestamp="19/01/2021 10:29:55" Debug="false">
    <Text>Not invalidating fingerprints for library object: Table de variables standard</Text>
  </Details>
  <Details ServiceId="80" MessageId="30" Timestamp="19/01/2021 10:29:55" Debug="false">
    <Text>Not invalidating fingerprints for library object: Table de variables standard</Text>
  </Details>
  <Details ServiceId="80" MessageId="30" Timestamp="19/01/2021 10:29:55" Debug="false">
    <Text>Not invalidating fingerprints for library object: Table de variables standard</Text>
  </Details>
  <Details ServiceId="80" MessageId="30" Timestamp="19/01/2021 10:29:55" Debug="false">
    <Text>Not invalidating fingerprints for library object: Table de variables standard</Text>
  </Details>
  <Details ServiceId="80" MessageId="30" Timestamp="19/01/2021 10:29:55" Debug="false">
    <Text>Not invalidating fingerprints for library object: Table de variables standard</Text>
  </Details>
  <Details ServiceId="80" MessageId="30" Timestamp="19/01/2021 10:29:55" Debug="false">
    <Text>Not invalidating fingerprints for library object: Table de variables standard</Text>
  </Details>
  <Details ServiceId="80" MessageId="30" Timestamp="19/01/2021 10:29:55" Debug="false">
    <Text>Not invalidating fingerprints for library object: Table de variables standard</Text>
  </Details>
  <Details ServiceId="80" MessageId="30" Timestamp="19/01/2021 10:29:55" Debug="false">
    <Text>Not invalidating fingerprints for library object: Table de variables standard</Text>
  </Details>
  <Details ServiceId="80" MessageId="30" Timestamp="19/01/2021 10:29:56" Debug="false">
    <Text>Not invalidating fingerprints for library object: Table de variables standard</Text>
  </Details>
  <Details ServiceId="80" MessageId="30" Timestamp="19/01/2021 10:29:56" Debug="false">
    <Text>Not invalidating fingerprints for library object: Table de variables standard</Text>
  </Details>
  <Details ServiceId="80" MessageId="30" Timestamp="19/01/2021 10:29:56" Debug="false">
    <Text>Not invalidating fingerprints for library object: Table de variables standard</Text>
  </Details>
  <Details ServiceId="80" MessageId="30" Timestamp="19/01/2021 10:29:56" Debug="false">
    <Text>Not invalidating fingerprints for library object: Table de variables standard</Text>
  </Details>
  <Details ServiceId="80" MessageId="30" Timestamp="19/01/2021 10:29:56" Debug="false">
    <Text>Not invalidating fingerprints for library object: Table de variables standard</Text>
  </Details>
  <Details ServiceId="80" MessageId="30" Timestamp="19/01/2021 10:29:56" Debug="false">
    <Text>Not invalidating fingerprints for library object: Table de variables standard</Text>
  </Details>
  <Details ServiceId="80" MessageId="30" Timestamp="19/01/2021 10:29:56" Debug="false">
    <Text>Not invalidating fingerprints for library object: Table de variables standard</Text>
  </Details>
  <Details ServiceId="80" MessageId="30" Timestamp="19/01/2021 10:29:56" Debug="false">
    <Text>Not invalidating fingerprints for library object: Table de variables standard</Text>
  </Details>
  <Details ServiceId="80" MessageId="30" Timestamp="19/01/2021 10:29:56" Debug="false">
    <Text>Not invalidating fingerprints for library object: Table de variables standard</Text>
  </Details>
  <Details ServiceId="80" MessageId="30" Timestamp="19/01/2021 10:29:56" Debug="false">
    <Text>Not invalidating fingerprints for library object: Table de variables standard</Text>
  </Details>
  <Details ServiceId="80" MessageId="30" Timestamp="19/01/2021 10:29:56" Debug="false">
    <Text>Not invalidating fingerprints for library object: Table de variables standard</Text>
  </Details>
  <Details ServiceId="80" MessageId="30" Timestamp="19/01/2021 10:29:56" Debug="false">
    <Text>Not invalidating fingerprints for library object: Table de variables standard</Text>
  </Details>
  <Details ServiceId="80" MessageId="30" Timestamp="19/01/2021 10:29:56" Debug="false">
    <Text>Not invalidating fingerprints for library object: Table de variables standard</Text>
  </Details>
  <Details ServiceId="80" MessageId="30" Timestamp="19/01/2021 10:29:56" Debug="false">
    <Text>Not invalidating fingerprints for library object: Table de variables standard</Text>
  </Details>
  <Details ServiceId="80" MessageId="30" Timestamp="19/01/2021 10:29:56" Debug="false">
    <Text>Not invalidating fingerprints for library object: Table de variables standard</Text>
  </Details>
  <Details ServiceId="80" MessageId="30" Timestamp="19/01/2021 10:29:56" Debug="false">
    <Text>Not invalidating fingerprints for library object: Table de variables standard</Text>
  </Details>
  <Details ServiceId="80" MessageId="30" Timestamp="19/01/2021 10:29:56" Debug="false">
    <Text>Not invalidating fingerprints for library object: Table de variables standard</Text>
  </Details>
  <Details ServiceId="80" MessageId="30" Timestamp="19/01/2021 10:29:56" Debug="false">
    <Text>Not invalidating fingerprints for library object: Table de variables standard</Text>
  </Details>
  <Details ServiceId="80" MessageId="30" Timestamp="19/01/2021 10:29:56" Debug="false">
    <Text>Not invalidating fingerprints for library object: Table de variables standard</Text>
  </Details>
  <Details ServiceId="80" MessageId="30" Timestamp="19/01/2021 10:29:56" Debug="false">
    <Text>Not invalidating fingerprints for library object: Table de variables standard</Text>
  </Details>
  <Details ServiceId="80" MessageId="30" Timestamp="19/01/2021 10:29:56" Debug="false">
    <Text>Not invalidating fingerprints for library object: Table de variables standard</Text>
  </Details>
  <Details ServiceId="80" MessageId="30" Timestamp="19/01/2021 10:29:56" Debug="false">
    <Text>Not invalidating fingerprints for library object: Table de variables standard</Text>
  </Details>
  <Details ServiceId="80" MessageId="30" Timestamp="19/01/2021 10:29:56" Debug="false">
    <Text>Not invalidating fingerprints for library object: Table de variables standard</Text>
  </Details>
  <Details ServiceId="80" MessageId="30" Timestamp="19/01/2021 10:29:56" Debug="false">
    <Text>Not invalidating fingerprints for library object: Table de variables standard</Text>
  </Details>
  <Details ServiceId="80" MessageId="30" Timestamp="19/01/2021 10:29:56" Debug="false">
    <Text>Not invalidating fingerprints for library object: Table de variables standard</Text>
  </Details>
  <Details ServiceId="80" MessageId="30" Timestamp="19/01/2021 10:29:56" Debug="false">
    <Text>Not invalidating fingerprints for library object: Table de variables standard</Text>
  </Details>
  <Details ServiceId="80" MessageId="30" Timestamp="19/01/2021 10:29:56" Debug="false">
    <Text>Not invalidating fingerprints for library object: Table de variables standard</Text>
  </Details>
  <Details ServiceId="80" MessageId="30" Timestamp="19/01/2021 10:29:56" Debug="false">
    <Text>Not invalidating fingerprints for library object: Table de variables standard</Text>
  </Details>
  <Details ServiceId="80" MessageId="30" Timestamp="19/01/2021 10:29:57" Debug="false">
    <Text>Not invalidating fingerprints for library object: Table de variables standard</Text>
  </Details>
  <Details ServiceId="80" MessageId="30" Timestamp="19/01/2021 10:29:57" Debug="false">
    <Text>Not invalidating fingerprints for library object: Table de variables standard</Text>
  </Details>
  <Details ServiceId="80" MessageId="30" Timestamp="19/01/2021 10:29:57" Debug="false">
    <Text>Not invalidating fingerprints for library object: Table de variables standard</Text>
  </Details>
  <Details ServiceId="80" MessageId="30" Timestamp="19/01/2021 10:29:57" Debug="false">
    <Text>Not invalidating fingerprints for library object: Table de variables standard</Text>
  </Details>
  <Details ServiceId="80" MessageId="30" Timestamp="19/01/2021 10:29:57" Debug="false">
    <Text>Not invalidating fingerprints for library object: Table de variables standard</Text>
  </Details>
  <Details ServiceId="80" MessageId="30" Timestamp="19/01/2021 10:29:57" Debug="false">
    <Text>Not invalidating fingerprints for library object: Table de variables standard</Text>
  </Details>
  <Details ServiceId="80" MessageId="30" Timestamp="19/01/2021 10:29:57" Debug="false">
    <Text>Not invalidating fingerprints for library object: Table de variables standard</Text>
  </Details>
  <Details ServiceId="80" MessageId="30" Timestamp="19/01/2021 10:29:57" Debug="false">
    <Text>Not invalidating fingerprints for library object: Table de variables standard</Text>
  </Details>
  <Details ServiceId="80" MessageId="30" Timestamp="19/01/2021 10:29:57" Debug="false">
    <Text>Not invalidating fingerprints for library object: Table de variables standard</Text>
  </Details>
  <Details ServiceId="80" MessageId="30" Timestamp="19/01/2021 10:29:57" Debug="false">
    <Text>Not invalidating fingerprints for library object: Table de variables standard</Text>
  </Details>
  <Details ServiceId="80" MessageId="30" Timestamp="19/01/2021 10:29:57" Debug="false">
    <Text>Not invalidating fingerprints for library object: Table de variables standard</Text>
  </Details>
  <Details ServiceId="80" MessageId="30" Timestamp="19/01/2021 10:29:57" Debug="false">
    <Text>Not invalidating fingerprints for library object: Table de variables standard</Text>
  </Details>
  <Details ServiceId="80" MessageId="30" Timestamp="19/01/2021 10:29:57" Debug="false">
    <Text>Not invalidating fingerprints for library object: Table de variables standard</Text>
  </Details>
  <Details ServiceId="80" MessageId="30" Timestamp="19/01/2021 10:29:57" Debug="false">
    <Text>Not invalidating fingerprints for library object: Table de variables standard</Text>
  </Details>
  <Details ServiceId="80" MessageId="30" Timestamp="19/01/2021 10:29:57" Debug="false">
    <Text>Not invalidating fingerprints for library object: Table de variables standard</Text>
  </Details>
  <Details ServiceId="80" MessageId="30" Timestamp="19/01/2021 10:29:57" Debug="false">
    <Text>Not invalidating fingerprints for library object: Table de variables standard</Text>
  </Details>
  <Details ServiceId="80" MessageId="30" Timestamp="19/01/2021 10:29:57" Debug="false">
    <Text>Not invalidating fingerprints for library object: Table de variables standard</Text>
  </Details>
  <Details ServiceId="80" MessageId="30" Timestamp="19/01/2021 10:29:57" Debug="false">
    <Text>Not invalidating fingerprints for library object: Table de variables standard</Text>
  </Details>
  <Details ServiceId="80" MessageId="30" Timestamp="19/01/2021 10:29:57" Debug="false">
    <Text>Not invalidating fingerprints for library object: Table de variables standard</Text>
  </Details>
  <Details ServiceId="80" MessageId="30" Timestamp="19/01/2021 10:29:57" Debug="false">
    <Text>Not invalidating fingerprints for library object: Table de variables standard</Text>
  </Details>
  <Details ServiceId="80" MessageId="30" Timestamp="19/01/2021 10:29:57" Debug="false">
    <Text>Not invalidating fingerprints for library object: Table de variables standard</Text>
  </Details>
  <Details ServiceId="80" MessageId="30" Timestamp="19/01/2021 10:29:57" Debug="false">
    <Text>Not invalidating fingerprints for library object: Table de variables standard</Text>
  </Details>
  <Details ServiceId="80" MessageId="30" Timestamp="19/01/2021 10:29:57" Debug="false">
    <Text>Not invalidating fingerprints for library object: Table de variables standard</Text>
  </Details>
  <Details ServiceId="80" MessageId="30" Timestamp="19/01/2021 10:29:57" Debug="false">
    <Text>Not invalidating fingerprints for library object: Table de variables standard</Text>
  </Details>
  <Details ServiceId="80" MessageId="30" Timestamp="19/01/2021 10:29:57" Debug="false">
    <Text>Not invalidating fingerprints for library object: Table de variables standard</Text>
  </Details>
  <Details ServiceId="80" MessageId="30" Timestamp="19/01/2021 10:29:57" Debug="false">
    <Text>Not invalidating fingerprints for library object: Table de variables standard</Text>
  </Details>
  <Details ServiceId="80" MessageId="30" Timestamp="19/01/2021 10:29:57" Debug="false">
    <Text>Not invalidating fingerprints for library object: Table de variables standard</Text>
  </Details>
  <Details ServiceId="80" MessageId="30" Timestamp="19/01/2021 10:29:57" Debug="false">
    <Text>Not invalidating fingerprints for library object: Table de variables standard</Text>
  </Details>
  <Details ServiceId="80" MessageId="30" Timestamp="19/01/2021 10:29:57" Debug="false">
    <Text>Not invalidating fingerprints for library object: Table de variables standard</Text>
  </Details>
  <Details ServiceId="80" MessageId="30" Timestamp="19/01/2021 10:29:58" Debug="false">
    <Text>Not invalidating fingerprints for library object: Table de variables standard</Text>
  </Details>
  <Details ServiceId="80" MessageId="30" Timestamp="19/01/2021 10:29:58" Debug="false">
    <Text>Not invalidating fingerprints for library object: Table de variables standard</Text>
  </Details>
  <Details ServiceId="80" MessageId="30" Timestamp="19/01/2021 10:29:58" Debug="false">
    <Text>Not invalidating fingerprints for library object: Table de variables standard</Text>
  </Details>
  <Details ServiceId="80" MessageId="30" Timestamp="19/01/2021 10:29:58" Debug="false">
    <Text>Not invalidating fingerprints for library object: Table de variables standard</Text>
  </Details>
  <Details ServiceId="80" MessageId="30" Timestamp="19/01/2021 10:29:58" Debug="false">
    <Text>Not invalidating fingerprints for library object: Table de variables standard</Text>
  </Details>
  <Details ServiceId="80" MessageId="30" Timestamp="19/01/2021 10:29:58" Debug="false">
    <Text>Not invalidating fingerprints for library object: Table de variables standard</Text>
  </Details>
  <Details ServiceId="80" MessageId="30" Timestamp="19/01/2021 10:29:58" Debug="false">
    <Text>Not invalidating fingerprints for library object: Table de variables standard</Text>
  </Details>
  <Details ServiceId="80" MessageId="30" Timestamp="19/01/2021 10:29:58" Debug="false">
    <Text>Not invalidating fingerprints for library object: Table de variables standard</Text>
  </Details>
  <Details ServiceId="80" MessageId="30" Timestamp="19/01/2021 10:29:58" Debug="false">
    <Text>Not invalidating fingerprints for library object: Table de variables standard</Text>
  </Details>
  <Details ServiceId="80" MessageId="30" Timestamp="19/01/2021 10:29:58" Debug="false">
    <Text>Not invalidating fingerprints for library object: Table de variables standard</Text>
  </Details>
  <Details ServiceId="80" MessageId="30" Timestamp="19/01/2021 10:29:58" Debug="false">
    <Text>Not invalidating fingerprints for library object: Table de variables standard</Text>
  </Details>
  <Details ServiceId="80" MessageId="30" Timestamp="19/01/2021 10:29:58" Debug="false">
    <Text>Not invalidating fingerprints for library object: Table de variables standard</Text>
  </Details>
  <Details ServiceId="80" MessageId="30" Timestamp="19/01/2021 10:29:58" Debug="false">
    <Text>Not invalidating fingerprints for library object: Table de variables standard</Text>
  </Details>
  <Details ServiceId="80" MessageId="30" Timestamp="19/01/2021 10:29:58" Debug="false">
    <Text>Not invalidating fingerprints for library object: Table de variables standard</Text>
  </Details>
  <Details ServiceId="80" MessageId="30" Timestamp="19/01/2021 10:29:58" Debug="false">
    <Text>Not invalidating fingerprints for library object: Table de variables standard</Text>
  </Details>
  <Details ServiceId="80" MessageId="30" Timestamp="19/01/2021 10:29:58" Debug="false">
    <Text>Not invalidating fingerprints for library object: Table de variables standard</Text>
  </Details>
  <Details ServiceId="80" MessageId="30" Timestamp="19/01/2021 10:29:58" Debug="false">
    <Text>Not invalidating fingerprints for library object: Table de variables standard</Text>
  </Details>
  <Details ServiceId="80" MessageId="30" Timestamp="19/01/2021 10:29:58" Debug="false">
    <Text>Not invalidating fingerprints for library object: Table de variables standard</Text>
  </Details>
  <Details ServiceId="80" MessageId="30" Timestamp="19/01/2021 10:29:58" Debug="false">
    <Text>Not invalidating fingerprints for library object: Table de variables standard</Text>
  </Details>
  <Details ServiceId="80" MessageId="30" Timestamp="19/01/2021 10:29:58" Debug="false">
    <Text>Not invalidating fingerprints for library object: Table de variables standard</Text>
  </Details>
  <Details ServiceId="80" MessageId="30" Timestamp="19/01/2021 10:29:58" Debug="false">
    <Text>Not invalidating fingerprints for library object: Table de variables standard</Text>
  </Details>
  <Details ServiceId="80" MessageId="30" Timestamp="19/01/2021 10:29:58" Debug="false">
    <Text>Not invalidating fingerprints for library object: Table de variables standard</Text>
  </Details>
  <Details ServiceId="80" MessageId="30" Timestamp="19/01/2021 10:29:58" Debug="false">
    <Text>Not invalidating fingerprints for library object: Table de variables standard</Text>
  </Details>
  <Details ServiceId="80" MessageId="30" Timestamp="19/01/2021 10:29:58" Debug="false">
    <Text>Not invalidating fingerprints for library object: Table de variables standard</Text>
  </Details>
  <Details ServiceId="80" MessageId="30" Timestamp="19/01/2021 10:29:58" Debug="false">
    <Text>Not invalidating fingerprints for library object: Table de variables standard</Text>
  </Details>
  <Details ServiceId="80" MessageId="30" Timestamp="19/01/2021 10:29:58" Debug="false">
    <Text>Not invalidating fingerprints for library object: Table de variables standard</Text>
  </Details>
  <Details ServiceId="80" MessageId="30" Timestamp="19/01/2021 10:29:58" Debug="false">
    <Text>Not invalidating fingerprints for library object: Table de variables standard</Text>
  </Details>
  <Details ServiceId="80" MessageId="30" Timestamp="19/01/2021 10:29:58" Debug="false">
    <Text>Not invalidating fingerprints for library object: Table de variables standard</Text>
  </Details>
  <Details ServiceId="80" MessageId="30" Timestamp="19/01/2021 10:29:59" Debug="false">
    <Text>Not invalidating fingerprints for library object: Table de variables standard</Text>
  </Details>
  <Details ServiceId="80" MessageId="30" Timestamp="19/01/2021 10:29:59" Debug="false">
    <Text>Not invalidating fingerprints for library object: Table de variables standard</Text>
  </Details>
  <Details ServiceId="80" MessageId="30" Timestamp="19/01/2021 10:29:59" Debug="false">
    <Text>Not invalidating fingerprints for library object: Table de variables standard</Text>
  </Details>
  <Details ServiceId="80" MessageId="30" Timestamp="19/01/2021 10:29:59" Debug="false">
    <Text>Not invalidating fingerprints for library object: Table de variables standard</Text>
  </Details>
  <Details ServiceId="80" MessageId="30" Timestamp="19/01/2021 10:29:59" Debug="false">
    <Text>Not invalidating fingerprints for library object: Table de variables standard</Text>
  </Details>
  <Details ServiceId="80" MessageId="30" Timestamp="19/01/2021 10:29:59" Debug="false">
    <Text>Not invalidating fingerprints for library object: Table de variables standard</Text>
  </Details>
  <Details ServiceId="80" MessageId="30" Timestamp="19/01/2021 10:29:59" Debug="false">
    <Text>Not invalidating fingerprints for library object: Table de variables standard</Text>
  </Details>
  <Details ServiceId="80" MessageId="30" Timestamp="19/01/2021 10:29:59" Debug="false">
    <Text>Not invalidating fingerprints for library object: Table de variables standard</Text>
  </Details>
  <Details ServiceId="80" MessageId="30" Timestamp="19/01/2021 10:29:59" Debug="false">
    <Text>Not invalidating fingerprints for library object: Table de variables standard</Text>
  </Details>
  <Details ServiceId="80" MessageId="30" Timestamp="19/01/2021 10:29:59" Debug="false">
    <Text>Not invalidating fingerprints for library object: Table de variables standard</Text>
  </Details>
  <Details ServiceId="80" MessageId="30" Timestamp="19/01/2021 10:29:59" Debug="false">
    <Text>Not invalidating fingerprints for library object: Table de variables standard</Text>
  </Details>
  <Details ServiceId="80" MessageId="30" Timestamp="19/01/2021 10:29:59" Debug="false">
    <Text>Not invalidating fingerprints for library object: Table de variables standard</Text>
  </Details>
  <Details ServiceId="80" MessageId="30" Timestamp="19/01/2021 10:29:59" Debug="false">
    <Text>Not invalidating fingerprints for library object: Table de variables standard</Text>
  </Details>
  <MessageCell ServiceId="80" MessageId="30" MessageClass="Information" Timestamp="19/01/2021 10:30:18">
    <Number ServiceNumber="80" MessageNumber="30" />
    <Text FeedbackText="Conversion des informations sur les références croisées en cours." />
    <Help HelpId="-1" />
  </MessageCell>
  <MessageCell ServiceId="80" MessageId="30" MessageClass="Information" Timestamp="19/01/2021 10:30:19">
    <Number ServiceNumber="80" MessageNumber="30" />
    <Text FeedbackText="Informations de références croisées créées avec succès." />
    <Help HelpId="-1" />
  </MessageCell>
  <MessageCell ServiceId="80" MessageId="30" MessageClass="Information" Timestamp="19/01/2021 10:30:19">
    <Number ServiceNumber="80" MessageNumber="30" />
    <Text FeedbackText="La conversion des informations sur les références croisées est terminée." />
    <Help HelpId="-1" />
  </MessageCell>
  <Details ServiceId="80" MessageId="30" Timestamp="19/01/2021 10:30:21" Debug="false">
    <Text>Package container 'Siemens.Simatic.Lang.S7BSW.V14.0.0.0.NonMandatory' was deleted</Text>
  </Details>
  <Details ServiceId="80" MessageId="30" Timestamp="19/01/2021 10:30:21" Debug="false">
    <Text>Product version 'Siemens.Simatic.STEP7.Basic:14.00.00.00' was deleted</Text>
  </Details>
  <Details ServiceId="80" MessageId="30" Timestamp="19/01/2021 10:30:21" Debug="false">
    <Text>Product version 'Siemens.Simatic.Portal:14.00.01.00' was deleted</Text>
  </Details>
  <MessageCell ServiceId="Automation-ObjectFrame-Feedbacks" MessageId="ConversionInfoTabLibrarySucceeded" MessageClass="Success" Timestamp="19/01/2021 10:30:22">
    <Number ServiceNumber="80" MessageNumber="32" />
    <Text FeedbackText="La bibliothèque 'Z:\BE\R&amp;D\LIQUIDE\OEP ELECTRONIQUE AUTOMATE 2020\BIBLIOTHEQUES\modbus_lib_3.4.0\System\PEData.plf' a été mise à niveau avec succès et enregistrée en tant que bibliothèque 'Z:\BE\R&amp;D\LIQUIDE\OEP ELECTRONIQUE AUTOMATE 2020\BIBLIOTHEQUES\modbus_lib_3.4.0_V16\System\PEData.plf'." />
    <Help HelpId="-1" HelpFile="" />
  </MessageCell>
  <MessageCell ServiceId="80" MessageId="30" MessageClass="Information" Timestamp="19/01/2021 10:30:24">
    <Number ServiceNumber="80" MessageNumber="30" />
    <Text FeedbackText="FinalCheckRemainingErrors" />
    <Help HelpId="-1" />
  </MessageCell>
  <Details ServiceId="80" MessageId="30" Timestamp="19/01/2021 10:30:24" Debug="false">
    <Text>No error is detected.</Text>
  </Details>
</LogFile>